id,lesson_id,lesson_title,the_hook,key_terms_1,key_terms_1_def,key_terms_2,key_terms_2_def,core_concepts_1,core_concepts_1_def,core_concepts_2,core_concepts_2_def,synthesis,connect_to_your_life,key_takeaways_1,key_takeaways_2,attached_to_chapter,attached_to_course,created_at,updated_at,chapter_id
189,cc39db7c,"Defining Ecstasy: The Meaning, Process, and Political Context","What if the most powerful social revolution of the 20th century wasn't about politics, borders, or money — but about expanding the freedom of the individual mind itself? Welcome to the age of Ecstasy.",Ecstasy,"A state of surpassing normal understanding characterized by freedom from limitations, whether self-imposed or external. It is an ongoing on/off experience that creates moments of exalted delight, often leading to profound personal transformation.",Counter-culture,"A temporary, shared social movement formed when many people simultaneously experience ecstasy, creating a culture that challenges and opposes mainstream societal norms.",Ecstasy as an Experience of Individual Freedom,"Ecstasy is defined not just as a fleeting moment of pleasure but as an ongoing process of transcending limits—whether those are imposed by society, self-doubt, or biology. This experience unlocks a new kind of individual freedom focused on expanding awareness and breaking free from conventional restrictions of thought and behavior.",The Emergence of a Post-Political Society,"The 1960s revolution introduced a shift away from traditional political and geographic identities toward a society that values inner freedom above all else. This 'neo-society' is driven by ecstatic states and powered by mind-expanding drugs and advanced electronic communication, emphasizing personal intelligence and direct access to information rather than obedience to external authorities.","Together, these concepts paint ecstasy as more than a personal sensation; it is the foundation for a historical movement toward a society centered on individual freedom and personal growth. By breaking free from inherited social, political, and ideological constraints through expanded consciousness—enabled by psychedelics and cyber-electronics—people create new communities and ways of thinking that transcend traditional boundaries and offer a vision of post-political human evolution.","Think about a time you or someone you know experienced a moment that shattered usual ways of thinking or feeling freedom — perhaps through travel, art, or a powerful conversation. How did that moment change your or their sense of personal possibilities? Can you see how such moments might lead to forming new social circles or movements?","Ecstasy is an ongoing process of breaking free from limitations, creating new states of individual freedom.",The psychedelic and cybernetic technologies of the 20th century enabled a new post-political society focused on personal consciousness and choice rather than traditional political or geographic identities.,Foundations of Ecstasy and Consciousness Expansion,"The Politics of Ecstasy: Psychedelics, Consciousness, and Society",2025-09-06 06:46:12.889595+00,2025-09-08 00:38:49.106076+00,061c1782
194,69f6a15f,"Comparing Psychedelics and Mainstream Substances: The Alcoholics vs. The Psychedelics","Why does society punish young marijuana and psychedelic users vigorously while largely tolerating alcohol, despite both altering consciousness? What does this tell us about cultural attitudes toward different substances and freedom?",Psychedelic Drugs,"Substances like LSD, marijuana, mescaline, and psilocybin that dramatically expand and alter consciousness, enhancing sensory, emotional, and often spiritual experience, without causing physical addiction or intoxication.",Alcohol,"A widely used legal intoxicant that alters consciousness by depressing the nervous system, often leading to addiction, loss of inhibition, and social and health problems.",Differing Social Responses to Psychedelic Drugs versus Alcohol,"While both psychedelics and alcohol alter consciousness, societal responses differ deeply. Alcohol use, widespread especially among middle-aged and older adults, is largely socially accepted despite its links to addiction, violence, and health issues. In contrast, psychedelics and marijuana, mainly used by younger, creative, or marginalized groups, face harsh legal prohibitions and social stigma. This reflects cultural fears and misunderstandings about psychedelics' effects and the groups that use them, rather than consistent assessments of harm or benefit.",The Demographics and Cultural Associations of Psychedelic and Alcohol Use,"Psychedelics like marijuana and LSD are predominantly used by youth, racial minorities, and creative communities who are seen as socially alien, rebellious, and outside mainstream norms. Alcohol use is common across social classes and ages, including among law enforcement and policymakers. This demographic divide fuels the punitive legal measures and surveillance disproportionately targeting psychedelic users, reinforcing a cultural divide between the 'menopausal' established order and the emerging counterculture.","Together, these concepts reveal that the social and legal treatment of consciousness-altering substances is less about their pharmacological effects and more about who uses them and the cultural anxieties they provoke. Alcohol, embedded in older societal norms and used by dominant groups, is tolerated despite its harms; psychedelics, embraced by youth and marginalized communities seeking expanded freedom and new experiences, are aggressively suppressed. This contrast exposes deeper cultural conflicts about freedom, control, and generational shifts in perception and values.",Reflect on a substance or behavior today that faces legal or social opposition. How much do you think these reactions are about the nature of that substance or behavior itself versus the groups associated with it? Can you see parallels in how society treats different forms of freedom and expression based on who exercises them?,"Psychedelic drugs and alcohol both alter consciousness but are treated very differently socially and legally, largely because of the users' age, social status, and cultural roles.","The harsh crackdown on psychedelics reflects not only fears about the substances themselves but the broader cultural struggle between an established order and an emerging, freedom-seeking counterculture.","The Societal, Scientific, and Ethical Dimensions of Psychedelics","The Politics of Ecstasy: Psychedelics, Consciousness, and Society",2025-09-06 06:46:13.339981+00,2025-09-08 00:38:49.106076+00,35467cf5
190,fcf8b936,"The Seven Basic Spiritual Questions: Science, Religion, and the Psychedelic Experience","What are the deepest questions every human being faces — about the universe, life, and ourselves? This lesson reveals how both science and religion wrestle with these mysteries, and how psychedelic experiences can offer a unique, direct insight.",Spiritual Experience,"A deeply personal, undeniable feeling or awareness of answers to fundamental life questions, often described as mystical, transcendental, or revelatory.",Subjective vs. Objective Knowledge,Subjective knowledge is what one personally feels or experiences. Objective knowledge is based on impartial facts and observations shared and confirmed by others.,Seven Fundamental Spiritual Questions,"Human consciousness naturally seeks answers to seven core questions: What is the ultimate source of energy in the universe? What is life and where did it come from? Who exactly are we as humans? How do we know and sense the world? What is our sense of self or ego? What emotions should we feel about our existence? And ultimately, how do we 'escape' or transcend life's limitations? These questions have fueled all spiritual and scientific inquiry throughout history.",Science and Religion as Complementary Approaches,"Science seeks to answer these seven questions through external observation, measurement, and shared data — producing objective knowledge. Religion seeks answers from direct personal experience — subjective knowledge — often through revelation and spiritual practice. Both are necessary: science explains what is happening 'out there,' while religion offers a lived awareness of those truths 'within.'","Together, the seven essential spiritual questions form a universal framework that science and religion explore from different perspectives. Psychedelic experiences, when undertaken with intention and support, uniquely bridge this gap — they can trigger profound inner revelations that feel as real and certain as scientific facts. This lesson shows how mind-expanding experiences can deepen our understanding of fundamental spiritual truths, uniting subjective insight with objective inquiry.",Reflect on a moment when you felt deeply certain about a profound question — for example, a time you felt awe about the vastness of the universe, or an intense feeling of knowing who you truly are. How did that experience shape your perspective on life? Could you relate this feeling to how both science and religion try to answer life's biggest questions?,"All humans, regardless of background, seek answers to seven core spiritual questions about existence, life, self, and purpose.","Science and religion offer different but complementary paths to these answers — objective facts versus personal, mystical experience.",Foundations of Ecstasy and Consciousness Expansion,"The Politics of Ecstasy: Psychedelics, Consciousness, and Society",2025-09-06 06:46:12.97621+00,2025-09-08 00:38:49.106076+00,061c1782
195,2b3b0cf6,"Scientific, Moral, and Political Arguments about Cognitive Liberty","In a world where technology can alter minds and reshape reality from within, how do we protect the freedom to explore our own consciousness without harming others — or being harmed ourselves?",Cognitive Liberty,"The fundamental right of individuals to control their own consciousness — to alter or not alter their mental states as they see fit, without interference from others or the state.",Two Commandments for the Molecular Age,"A moral framework proposed for the age of mind-altering technologies, which states: 1) You must never alter another person's consciousness without their consent. 2) You must never prevent another person from altering their own consciousness.",New Technologies Demand New Ethical Rules,"The arrival of powerful tools that can chemically or electronically alter human consciousness—such as psychedelics or future 'smart' molecules—requires fresh ethical guidelines. These technologies affect the very core of a person's identity and agency, necessitating clear boundaries around consent and autonomy.",The Two Commandments: Protecting Individual Freedom,"The proposed ethical foundation for cognitive liberty has two key rules: first, you must not change someone else's consciousness without their aware agreement; second, you must not stop someone from changing their own mind if they freely choose to. These principles are extensions of age-old ideas about respect for others and oneself, now translated specifically for the molecular manipulation of the mind.","Together, these core concepts establish a vital balance: the revolutionary power of mind-altering technologies opens vast possibilities but also deep responsibilities. The new ethical commandments form a practical code that both restrains misuse and safeguards personal freedom, ensuring that every person retains sovereignty over their own mind while respecting the autonomy of others. This framework is crucial to navigate the scientific advances and social challenges of the molecular age of consciousness expansion.",Reflect on a time when you felt that your personal freedom to think or feel was limited or controlled by others—were you given a choice or your consent? How does this experience shape your view on who should have the right to influence or control your state of mind?,"Technological advances that alter consciousness require new moral principles focused on individual consent and autonomy.","The two commandments—do not alter someone else's mind without consent, and do not prevent them from altering their own—are fundamental laws to protect cognitive liberty.","The Societal, Scientific, and Ethical Dimensions of Psychedelics","The Politics of Ecstasy: Psychedelics, Consciousness, and Society",2025-09-06 06:46:13.431409+00,2025-09-08 00:38:49.106076+00,35467cf5
191,d9590279,Historical Context: From Tribal Shamanism to the Psychedelic Counterculture,"What happens when societies shift from strict obedience to open-minded individual freedom? Discover how the psychedelic experience sparked a global revolution that changed how we think, connect, and create.",Counterculture,"A social movement consisting of groups that reject mainstream cultural norms, often promoting alternative lifestyles, values, and behaviors. In the 1960s, the counterculture was closely linked with the use of psychedelics and a focus on personal freedom.",Information Society,"A society where individual thinking, scientific knowledge, and rapid exchange of information through technology become the foundation of social and economic life, replacing earlier systems based on obedience and rigid hierarchy.",From Tribal Obedience to Individual Thinking,"In ancient tribal societies, individuals were expected to obey elders and conform strictly to social roles, with survival depending on group cohesion and tradition. Later feudal and industrial societies maintained this external control, where obedience to authority and conformity were essential. The awakening of personal freedom, especially mental autonomy, was limited or discouraged.",The Emergence of the 'Information Society' and Psychedelic Influence,"The modern 'information society' shifts the focus from obedience to individual thinking, creativity, and quick access to knowledge through technology. This new social order values open-mindedness and innovation. The psychedelic experience, introduced to a broad audience during the mid-20th century, helped fuel this shift by expanding consciousness and fostering a sense of personal freedom beyond traditional political or geographic identities.","Together, these ideas form a narrative of social evolution: societies historically relied on obedience and conformity for survival, but recent technological and psychedelic developments have enabled a new age centered on individual freedom and consciousness expansion. The Beat Generation catalyzed this transformation, using electronic media and psychedelics to challenge old structures and foster a new counterculture deeply rooted in open-mindedness and connectivity, shaping the modern information society.",Consider your own daily experience with technology and culture — how do you see yourself balancing social expectations with personal freedom and open-mindedness? Can you identify moments when technology or cultural shifts influenced your awareness or worldview?,"Historically, societies prioritized obedience and conformity, limiting individual freedom and thinking.","The modern information society values individual thinking, rapid information exchange, and creativity, enabled by technology and psychedelic consciousness expansion.",Foundations of Ecstasy and Consciousness Expansion,"The Politics of Ecstasy: Psychedelics, Consciousness, and Society",2025-09-06 06:46:13.059849+00,2025-09-08 00:38:49.106076+00,061c1782
196,edd42810,"The Role of Language, Science, and Society in Consciousness Expansion","What if the greatest mysteries of the mind remain unsolved simply because we lack the right language and tools to understand them? How can we unlock the deep layers of consciousness without a shared map or vocabulary?",Levels of Consciousness,"Different layers or dimensions of awareness, ranging from physical sensations and cellular activity to symbolic thinking and spiritual experience, each requiring distinct ways to understand and communicate about them.",Systematic Language,"An agreed-upon, precise set of terms and methods that allow researchers and practitioners to describe and study phenomena clearly and consistently — essential for advancing any scientific field.",The Lack of a Shared Language in Human Sciences,"Fields studying the mind and consciousness—such as neurology, psychology, and psychiatry—are all exploring complex inner experiences but struggle because they don't have a consistent and systematic language. Without this shared vocabulary, researchers work in isolation, often disagreeing and misunderstanding each other, which blocks progress.",The Need for Multi-level Scientific Frameworks,"Consciousness isn't a single, simple thing; it unfolds across many levels — from biochemical and cellular processes to sensory experiences and symbolic thought. Different disciplines focus on different levels, but they often fail to coordinate. A new scientific framework that bridges these levels and includes methods to study and alter consciousness (for example, using psychedelics) is crucial for a fuller understanding.","Together, these concepts highlight a major obstacle in studying consciousness: our current human sciences are fragmented by missing or inadequate language and frameworks that connect across the complex layers of our inner experience. Overcoming this requires interdisciplinary collaboration, developing new terminologies, and integrating insights from science and subjective experience so that knowledge about how consciousness arises, works, and can be expanded becomes clearer and more accessible. This foundation is essential if education, communication, and social evolution are to evolve alongside our deepening understanding of the mind.",Think about how you explain your feelings or thoughts to others. Are there moments when language fails, and you struggle to express exactly what you're experiencing? How might having a richer or different 'language of consciousness' change how we relate to each other and ourselves?,"Human sciences studying consciousness lack a precise, shared language, causing confusion and limited progress.","A comprehensive scientific approach needs to address multiple levels of consciousness, integrating biochemical, sensory, and symbolic perspectives.","The Societal, Scientific, and Ethical Dimensions of Psychedelics","The Politics of Ecstasy: Psychedelics, Consciousness, and Society",2025-09-06 06:46:13.54918+00,2025-09-08 00:38:49.106076+00,35467cf5
192,6ea297b0,"The Psychedelic Experience: Practices, Preparation, and the Good Friday Study","What if consciousness could be systematically opened up to reveal profound mystical experiences? Through careful preparation and environment, psychedelic substances like psilocybin have been shown to unlock these inner realities.",Psychedelic experience,A profound expansion of consciousness triggered by certain substances (like LSD or psilocybin) that intensifies sensory perception and can lead to mystical or spiritual insights.,Set and setting,"The mindset ('set') of the individual and the physical/social environment ('setting') in which they take a psychedelic, both of which greatly affect the nature and outcome of the experience.",The Transformative Nature of Psychedelic Experiences,"Psychedelic substances can cause profound shifts in perception by amplifying sensory input and altering the perception of reality. These shifts often lead to moments of insight, intuition, and spiritual revelation that surpass ordinary understanding, which many individuals describe as the deepest or most meaningful mystical experience of their lives.",The Essential Role of Preparation and Environment,"The outcome of a psychedelic experience depends heavily on 'set and setting.' When individuals are mentally prepared with positive expectations and placed in supportive, meaningful environments, their experiences tend to be positive, insightful, and even sacred. Conversely, lack of preparation or unsupportive settings can lead to confusion and distress, highlighting the importance of intentionality and care.","The lesson presents the psychedelic experience as a powerful catalyst for consciousness expansion capable of producing deep spiritual or mystical states. Central to reliably achieving these transformative effects is the combined influence of the individual's mindset and the environment in which the experience occurs. The Good Friday study exemplifies this connection by scientifically demonstrating how psychedelics, in the right setting and with appropriate preparation, can induce mystical experiences not found in placebo controls, thus validating the spiritual potential of psychedelics.",Reflect on a time or situation when your mindset or surroundings influenced how you experienced an event (positively or negatively). How might changing your 'set and setting' alter your perspective or openness to new experiences? Can you think of modern examples—like music festivals, retreats, or even educational settings—where environment shapes experience?,"Psychedelic experiences can induce profound mystical insights, especially when the individual is well-prepared and in a supportive environment.","Scientific studies, including controlled experiments like the Good Friday study, confirm that context and mindset significantly influence the depth and nature of psychedelic-induced spiritual experiences.",Foundations of Ecstasy and Consciousness Expansion,"The Politics of Ecstasy: Psychedelics, Consciousness, and Society",2025-09-06 06:46:13.153934+00,2025-09-08 00:38:49.106076+00,061c1782
200,c4a05d48,"The Future of Consciousness: Education, Children, and Social Evolution","What if the next generation could learn to use their own minds and bodies before ever reading a book? Imagine a future where education harnesses not only knowledge but the very chemistry of consciousness itself.",Psychedelic drugs,"Substances like LSD and marijuana that expand awareness by opening up new levels of sensory and cellular consciousness, enhancing perception and experience beyond normal limits.",Cellular equipment,The internal biological and neurological systems of the body—such as nerve cells and genetic material—that carry ancient memories and affect consciousness and learning.,Chemical Keys to Learning and Consciousness Expansion,Chemical Keys to Learning and Consciousness Expansion,Shifting the Educational Sequence: From Internal Awareness to Symbolic Knowledge,"Traditional education starts with teaching symbolic language and abstract concepts first. The future vision is to reverse this order, enabling children to master the use of their native sensory and cellular faculties first, cultivating their innate capacities before they engage with symbolic reading and writing.","Together, these concepts show a revolutionary shift in how humans might be educated: using chemicals and technologies to unlock the full potential of their biological and neurological systems early on, enabling a deeper, more intuitive form of learning. This foundational mastery of internal awareness will allow richer, more effective engagement with symbolic knowledge, thereby transforming child development and the social fabric by nurturing fuller, freer, and more capable individuals.",Think about how you learned new things as a child. What role did your senses and body awareness play compared to written or symbolic instruction? How might learning change if education began by fully awakening your senses and internal consciousness first?,"Psychedelic and related psychochemicals will become tools to teach sensory and cellular awareness, expanding learning beyond traditional intellectual methods.","Education of the future will likely prioritize internal biological awareness before symbolic learning, fundamentally changing how children develop and experience knowledge.",From Personal Transformation to Social Evolution,"The Politics of Ecstasy: Psychedelics, Consciousness, and Society",2025-09-06 06:46:13.91212+00,2025-09-08 00:38:49.106076+00,846e3080
269,81c9827d,"Techniques for Manifesting: Renunciation, Subjective Control, and the Effortless Way","What if the secret to transforming your life lies not in fighting what you don't want, but in gently shifting your attention toward what you do? Discover how focusing inward through focused assumption can create effortless change.",Renunciation,"Renunciation means deliberately withdrawing your attention from negative or unwanted thoughts, instead directing your mind and feelings toward what you desire, thereby preventing unwanted things from gaining power.",Subjective Control,"Subjective control is the ability to consciously direct and manage your inner attention and imagination, choosing what thoughts and feelings you focus on rather than being pulled by external distractions.",Renunciation: Letting Go of Negativity by Shifting Attention,"When you resist negative experiences or unwanted circumstances by giving them attention, you keep them active and real in your mind. Renunciation teaches that instead, you should stop giving energy to these undesired states and consciously focus on positive ideals and the imagined reality you want to experience. By pruning away destructive thoughts and feelings, your imagination becomes fertile ground for the life you wish to live.",Subjective Control: Mastering Your Inner Attention to Create Reality,"Your attention can either be attracted from external sources, pulling you into distractions, or it can be deliberately directed from within, focusing on chosen ideas and feelings. Developing subjective control means training yourself to withdraw your attention from the outside world's noise and focus inward on your desired state. This mastery over your inner attention empowers you to consciously shape your experiences rather than being passively affected by circumstances.","This lesson teaches that by renouncing negativity, you stop feeding unwanted experiences with your attention. Through subjective control, you gain power over where your mental energy flows, intentionally focusing it inward on your desired state. When combined with the effortlessness of the Least Action principle—embodied in the firm assumption that your wish is already fulfilled—these techniques form a unified process: consciously withdrawing from what you don't want and investing your entire attention in the feeling of having already achieved your goal, thereby enabling its natural manifestation.",Think of a current problem or unwanted situation in your life. How might your focus or attention be unintentionally sustaining it? For one day, consciously try shifting your attention away from this problem and fully imagine the feeling of having resolved it. What changes do you notice in your thoughts or feelings?,"Renunciation means choosing to stop paying attention to negative thoughts, which prevents them from manifesting in your life.","Subjective control is the conscious direction of your inner attention, which empowers you to shape your reality.","Practical Application: Imagination, Technique, and Mastery","The Power of Assumption: Consciousness, Imagination, and Manifestation in Neville Goddard's Teachings",2025-09-20 01:57:32.169509+00,2025-09-20 01:57:32.169509+00,f9db4b39
264,e2fcc2af,Consciousness as the Sole Reality,"What if everything you see, touch, and experience isn't separate from you—but actually a reflection of your own consciousness? Discover why your mind shapes not only how you see the world but what reality you live in.",Consciousness,"The single, fundamental reality that underlies everything; it is the substance from which all experience, thoughts, and the world itself arise.",Cause-Substance,"The original source or material of all things, which in this teaching is identified as consciousness itself, meaning everything manifesting is just a different arrangement of this one substance.",Consciousness is the Only Reality and Substance,"At the deepest level, consciousness is not just inside you—it is the only true reality and the single substance that forms everything you experience. Material things, conditions, and environments are not separate from consciousness but are expressions or arrangements of this underlying substance.",Inseparability of You and Your Environment,"You are not a separate observer of the world; rather, you and everything around you exist as one unified whole within consciousness. Your personal experience and your surroundings are intimately connected because they arise from the same source.","Together, these ideas reveal a transformative truth: by understanding that consciousness is the sole reality and that you are fundamentally connected to your environment, you realize that changing your self-concept or inner consciousness leads directly to changes in your external experience. Your world is not fixed or independent—it flows from how your consciousness is arranged and focused.",Think about a time when your mood or attitude seemed to shape your experience of a situation—how did your inner state change what you saw or felt around you? What might change if you intentionally shifted your inner thoughts about yourself or your environment?,"Consciousness is the fundamental and only true reality, with everything else being its expression.","You and your environment are one; by changing your inner consciousness, you change your experience of the world.","The Nature of Consciousness and the Foundation of Reality","The Power of Assumption: Consciousness, Imagination, and Manifestation in Neville Goddard's Teachings",2025-09-20 01:57:21.501866+00,2025-09-20 01:57:21.501866+00,18e12eea
266,ac78cff5,"Desire, Attention, and the Formation of Self-Concept","What if the key to changing your life isn't found outside of you, but in the beliefs you hold about yourself? How does your inner attitude silently shape the reality you experience every day?",Assumption,"An assumption is a belief or feeling that something is already true or real, even if it is not yet visible or actual. Persisting in this feeling shapes your reality.",Self-Concept,"Self-concept is the collection of beliefs and attitudes you hold about who you are, which directly influences how you experience and shape your world.",Your Life Is Governed by Your Assumptions,"The changes in your life aren't random or due to outside forces; instead, they come from the assumptions you hold about yourself and your world. If you consistently believe you are a certain way, that belief creates the conditions and circumstances you experience. Even if an assumption starts as false, if you persist in it, it eventually hardens into fact.",Attitude Toward Self Determines What You Realize,"Your attitude, or deep feeling about who you are, acts as the lens through which your experiences unfold. Only those things that you affirm as true about yourself can manifest in your life. To create new realities, you must open yourself completely to the possibility of change by fully embracing and emotionally feeling your desired identity as already true.","These core ideas weave together to show that your reality is an external mirror of your internal assumptions and self-concept. By deliberately embracing new beliefs about who you are and persistently feeling the fulfillment of your desires, you reshape your attitude and direct your experience toward those new realities. Desire alone is not enough; it must be backed by a vivid, unwavering feeling that your wish is already true, creating a seamless bridge between imagination and actualization.",Think about a time when you held a strong belief about yourself—positive or negative. How did that belief influence the opportunities or challenges that followed? Now, imagine if you consciously chose a new belief today. What specific feelings would you focus on to make that new self-concept feel real and natural?,"Your assumptions and attitudes toward yourself exclusively govern the changes and experiences in your life.",Persisting with the vivid feeling that your desire is already fulfilled transforms your internal self-concept and leads to inevitable manifestation.,"The Nature of Consciousness and the Foundation of Reality","The Power of Assumption: Consciousness, Imagination, and Manifestation in Neville Goddard's Teachings",2025-09-20 01:57:26.358321+00,2025-09-20 01:57:26.358321+00,18e12eea
270,abca80eb,"Persistence, Faith, and Overcoming Failure","Why do some people achieve their dreams despite obstacles, while others fail despite trying? The secrets lie in persistence, feeling natural about success, and unwavering faith.",Persistence,"Continuously maintaining the belief and feeling that your desire is already fulfilled, without giving up even when results seem delayed.",Naturalness,"The feeling that it is normal and comfortable to be or have what you want, making your assumed state believable and easy to sustain.",Persistence is the Bridge from Desire to Reality,"Consistent and determined assumption of your wish fulfilled is what causes the subtle inner shifts needed for external change. Like a persistent friend knocking at a door, you must repeatedly 'ask, seek, and knock' — maintaining the feeling of accomplishment until your dream unfolds naturally.",Feeling Natural as the Key to Manifestation,"Success depends on how natural it feels to be what you desire. If it feels strange or forced, your mind resists the change and the outcome is delayed or denied. By using imagination to repeatedly experience your desired state vividly and comfortably, you train your consciousness to accept it as a natural reality.","These three concepts—persistence, naturalness, and faith—work together as a unified process for manifesting desires. Persistence keeps you anchored in your assumption, naturalness ensures your belief feels genuine and sustainable, and faith fuels the inner certainty needed to hold the imagined state against all odds. Without any one of these, the process can falter, but together they empower your imagination and attention to shape your reality effectively.",Think about a time you wanted something deeply but struggled to achieve it. How might your experience have changed if you had persistently imagined already having it, truly felt it as natural, and held an unwavering faith in its reality? Can you identify any current desires that feel unnatural or doubtful, and how might you change that feeling?,"Persistence—continuous belief and assumption—is essential to transform desire into reality.","The feeling of naturalness makes your assumed state believable and quickens its manifestation.","Practical Application: Imagination, Technique, and Mastery","The Power of Assumption: Consciousness, Imagination, and Manifestation in Neville Goddard's Teachings",2025-09-20 01:57:34.069558+00,2025-09-20 01:57:34.069558+00,f9db4b39
268,0119f9bc,"The Role of Attention, Attitude, and Mental Discipline","What if the way you see the world is less about what's out there and more about where your mind chooses to focus? Discover how controlling your attention can reshape not only your perception but the very reality you live in.",Attention,"The focused mental energy you give to one idea or sensation, which grows stronger the more narrowly and exclusively it is held in your mind.",Assumption,"A mental acceptance or belief that something already is true, which shapes how you perceive and interact with the world.",Focused Attention Amplifies Your Inner Power,"Attention is most powerful when concentrated exclusively on a single idea or feeling. By deliberately narrowing your focus, you increase the force of your attention, making your thoughts and desires more effective in shaping reality. Developing control over your attention is like strengthening a muscle—it requires consistent practice but leads to greater mastery over your imagination and, ultimately, your life experience.",Assumptions Shape Perception and Behavior,"What you assume about yourself and others directly colors what you see and how you act. Experiments show that perception isn't just about objective reality but about the expectations you bring to it. Your assumptions govern subconscious and conscious behaviors, creating a feedback loop where your beliefs influence reality and reality reinforces your beliefs. Changing assumptions about a person or situation can literally change how you perceive and respond to them.","Together, focused attention and the power of assumptions reveal that your inner mental disciplines are the architects of your experience. By consciously choosing where to direct your attention and what assumptions to hold, you actively shape your perceptions and actions. Mastering these mental faculties empowers you to solve problems creatively and transform your life by aligning your conscious focus with your desired reality.",Think about a recent time you had a strong opinion about someone or something. How might your assumptions about that person or situation have influenced not only what you noticed but also how you behaved? Reflect on ways you could consciously shift your attention and assumptions to see different outcomes.,"Your attention is strongest when focused narrowly and exclusively on one idea or feeling, which amplifies your mental power.","Your assumptions shape not only your perceptions but also your behaviors, creating the reality you experience.","Practical Application: Imagination, Technique, and Mastery","The Power of Assumption: Consciousness, Imagination, and Manifestation in Neville Goddard's Teachings",2025-09-20 01:57:30.730937+00,2025-09-20 01:57:30.730937+00,f9db4b39
271,cddd4077,"Righteousness, Free Will, and the Ethics of Assumption","What if the key to changing your life lies not in external actions but in the beliefs you hold about yourself? How does your inner conviction shape your destiny—and what role does free will really play?",Righteousness,"The state of consciously feeling and knowing that you already are what you desire to be. It is the awareness of having attained your goal, not adherence to moral or religious rules.",Free Will,"The freedom to choose any idea or assumption to hold in your consciousness. Beyond choosing, all events naturally follow the assumptions you persist in.",Righteousness as Consciousness of Being,"Righteousness here means fully embracing and living in the state of already having achieved your desired self or goal. It is a conscious acceptance and affirmation of that reality within you. This mindset is essential to transcending 'sin,' which is defined as failing to hit your target or aspiration. Without this internal consciousness, external efforts or adherence to rules cannot create true change.",Free Will as Choice of Assumptions,"Free will is often misunderstood as the power to directly control external events, but here it is explained as the ability to select which ideas or assumptions to occupy your mind with. Once you assume an idea as true, it automatically shapes your reality according to natural laws. Your creative power is in what you decide to believe and conceive, not in forcing outcomes beyond that.","Together, these concepts reveal that your internal state—righteousness as the consciousness of already being what you desire, combined with the free will to choose your assumptions—is the foundation of all external change. True transformation is not about trying harder in the outer world but about choosing elevated assumptions about yourself and persistently living from that state. All events unfold naturally and inevitably from these inner choices, demonstrating that ethical self-awareness and mindful choice of beliefs are the essence of personal mastery.",Think about a time when your belief about yourself influenced how a situation turned out. How did consciously choosing a positive or negative assumption change your actions or outcomes? What assumptions are you currently holding that shape your experience?,"Righteousness means living with the awareness that you already are what you want to be—it is the inner reality that drives external manifestation.","Free will is the freedom to select your beliefs or assumptions, which then naturally produce the events and conditions you experience.","Living the Law: Ethics, Destiny, and Case Histories","The Power of Assumption: Consciousness, Imagination, and Manifestation in Neville Goddard's Teachings",2025-09-20 01:57:36.541437+00,2025-09-20 01:57:36.541437+00,18cbe73b
274,8109c840,"Destiny, Reverence, and the Deeper Meaning of Self-Creation","What if your destiny isn't a fixed path, but something you create moment by moment through your own consciousness? Discover how this powerful truth invites you to live with profound reverence and awe for your creative life force.",Destiny,"Destiny is the unfolding experience you inevitably live through, shaped continuously by your state of consciousness and assumptions.",Reverence,"Reverence is the deep feeling of awe, love, and devotion that arises when you recognize yourself as the divine creator of your life.",Destiny as a Moment-to-Moment Creation,"Your destiny isn't some distant, predetermined endpoint but an ongoing experience you create every moment. Because life is infinite, there's no ultimate final destination—only a continuous flow of new experiences that arise from the state of your consciousness. As you change your self-concept and assumptions, you change the path you walk and the destiny you live.",Consciousness as the Sole Creator of Experience,"Your consciousness is the fundamental power shaping everything you encounter. Both good and bad experiences emerge from your inner assumptions and beliefs. This means that by becoming aware of how your consciousness creates your world, you gain the ability to shape your future and transform your destiny intentionally.","Together, these concepts show that you are not a passive passenger in life but an active creator continually shaping your destiny. Your consciousness, through its assumptions, creates your personal experience, making destiny fluid rather than fixed. When you deeply realize this and feel reverence for your own creative power, you align with a richer, more meaningful life. Destiny, consciousness, and reverence are inseparable parts of a single truth: you are the divine source of your existence, and embracing this truth transforms how you live.",Reflect on a moment when a change in your perspective or belief shifted the course of an event or how you felt about your future. How might recognizing your role as the creator of your destiny influence how you approach your next challenge or goal?,"Destiny is not fixed; it is constantly created by your present state of consciousness.","Your consciousness is the sole creator of your experiences—understanding this empowers you to shape your life.","Living the Law: Ethics, Destiny, and Case Histories","The Power of Assumption: Consciousness, Imagination, and Manifestation in Neville Goddard's Teachings",2025-09-20 01:57:43.341117+00,2025-09-20 01:57:43.341117+00,18cbe73b
272,140562bf,"Essentials for Practice: Union, At-one-ment, and the Conditions for Success","What if the secret to truly transforming your life lies not in effort alone, but in a deep union with your desired self — a joyful experience of already being who you want to become?",Desire,"A powerful, intense longing or hunger to be different from your current self; the essential starting point for any transformation.",Physical Immobility,"A relaxed, almost sleep-like state of stillness in the body where distractions fade, allowing focused attention and heightened mental energy to build.",Intense Desire is the Mainspring of Change,"The first essential step in transforming your life is cultivating a burning desire to become different from who you are now. This desire fuels your intention and motivates the mind to focus sharply on new possibilities. Without this genuine longing, the imagination and attention lack the energy needed to bring about real change.",Physical Immobility Enhances Mental Focus,"Achieving a state of physical stillness — similar to the relaxed state before sleep — silences bodily distractions and closes off sensory noise from the external world. This tranquility conserves mental energy and increases your capacity for concentrated attention, making it easier to hold the feeling of your wish fulfilled vividly in your mind.","Together, these three essentials form a cohesive path to transformation: your intense desire energizes the process, physical immobility clears the way for deep focus, and the assumption of the wish fulfilled aligns your consciousness with your goal at a profound emotional level. This seamless integration enables you to bypass resistance and to manifest your desires effortlessly and naturally, by becoming the living embodiment of your ideal reality.",Think about a goal you've wanted to achieve — can you identify how strong your desire for it really is? Next, try setting a quiet moment to relax your body deeply and vividly imagine already having achieved that goal. How does it feel to 'be' that person or situation right now? Reflect on what shifts in your attention or emotions during this practice.,"A powerful, burning desire is essential as the driving force behind personal transformation.","Calm physical stillness fosters intense mental concentration, helping you hold your imagined goal clearly.","Living the Law: Ethics, Destiny, and Case Histories","The Power of Assumption: Consciousness, Imagination, and Manifestation in Neville Goddard's Teachings",2025-09-20 01:57:38.470013+00,2025-09-20 01:57:38.470013+00,18cbe73b
267,bb8b05f0,Controlled Imagination: Visualization and Emotional Acceptance,"What if your imagination could transform fleeting thoughts into real-life experiences? This lesson reveals how deliberately visualizing and feeling your desired reality can make you the master of your own life.",Controlled Imagination,"The deliberate and focused use of your imagination to create vivid mental images and feelings of the state you desire, rather than passively daydreaming or observing.",Feeling of the Wish Fulfilled,"The sustained emotional experience of already having or being what you desire, as if your wish is completely accomplished in the present moment.",Life is a Psychological Drama Shaped by Your Assumptions,"Your external world—including all conditions, events, and relationships—is the result of your inner assumptions. By understanding that you are either a slave to these mental patterns or their master, you gain the power to consciously direct your life's story. This begins by intentionally forming clear mental pictures of the state or identity you wish to embody.",How Visualization and Sustained Feeling Create Reality,"Visualization is not merely seeing an image in your mind but involves deeply concentrating your attention on it while simultaneously feeling as though you are already living that reality. This combination changes a simple mental picture into a 'seemingly solid reality' in your consciousness, which then guides your behaviors and experiences toward making that imagined state manifest in your external world.","Together, these concepts explain that to transform your life deliberately, you must first master the psychological process of forming vivid mental images anchored by genuine emotional experience—the feeling of already having your desire fulfilled. Controlled imagination focuses your mind to actively shape assumptions, which then shape your reality, empowering you to become the conscious creator rather than a passive observer of your life's unfolding.",Think of a goal or change you want to create in your life. Close your eyes for a moment and imagine a clear, detailed scene where this goal is already accomplished. As you visualize, notice what feelings arise if you truly felt this as your current reality. How might maintaining this feeling influence the way you think and act throughout your day?,"Your life is shaped by your inner assumptions, which you can master through controlled imagination.",Vivid visualization combined with the genuine feeling of the wish fulfilled transforms mental images into lived realities.,"Practical Application: Imagination, Technique, and Mastery","The Power of Assumption: Consciousness, Imagination, and Manifestation in Neville Goddard's Teachings",2025-09-20 01:57:28.754282+00,2025-09-20 01:57:28.754282+00,f9db4b39
263,7c47b40b,I AM: The Principle of Self and Source,"What if the deepest truth about who you are holds the key to shaping your entire reality? Discover how the simple phrase 'I AM' reveals the indivisible essence that determines the world you live in.",I AM,"The core sense of self-awareness; the indivisible, fundamental consciousness that exists as the absolute foundation of all existence and manifestation.",Concept of Self,"The particular idea or image you hold about who you are, which shapes how 'I AM' expresses itself uniquely through your experiences and life.",I AM as the Indivisible Foundation of Reality,"At the heart of all existence is a single, unified awareness — 'I AM.' This is not a fragmented self but the one fundamental consciousness that underlies everything. Regardless of the different forms or states we experience, that central sense of 'I AM' is constant and indivisible, forming the unchanging foundation upon which all life and phenomena rest.",Your Concept of Self Shapes Your Experience,"While 'I AM' remains the same at the core, your conscious experience arises from the concept or image you hold about yourself. Whether you see yourself as strong or weak, rich or poor, healthy or sick, these self-conceptions are just different expressions of the one 'I AM.' Your reality — from your health to your relationships — reflects the particular attitude or belief you maintain about who you are.","Together, these concepts reveal a powerful truth: you are both the universal 'I AM' — the ultimate source of consciousness — and the unique expression of it through your self-concept. By understanding that your personal reality emerges from your concept of self, you gain insight into how changing your inner beliefs can transform the outer world you experience.",Think about a time when your self-image influenced how you felt or behaved — perhaps when you saw yourself as confident or doubtful. How did that self-view affect what happened in your life? Reflect on how changing that perception might change your experience.,"'I AM' is the center of all consciousness, indivisible and universal — the ultimate foundation of reality.","Your personal experience is shaped by your concept of self, which is a unique expression of the singular 'I AM.'","The Nature of Consciousness and the Foundation of Reality","The Power of Assumption: Consciousness, Imagination, and Manifestation in Neville Goddard's Teachings",2025-09-20 01:57:19.619726+00,2025-09-20 01:57:19.619726+00,18e12eea
273,512e1b39,Manifestation Narratives: Case Histories and Real-World Application,"What if the reality you live in is shaped not by chance, but by the ideas you hold deep in your mind? Discover how ordinary people transformed their lives by deliberately imagining their desires as already fulfilled.",Law of Assumption,"The principle that your external life is created by your internal assumptions and beliefs; by persistently assuming the feeling of your wish already fulfilled, you cause it to manifest in reality.",Imagination,"The mental faculty used to vividly picture desired states or outcomes as if they were already true, which, when persistently combined with feeling, influences your reality.",Conscious Assumption Shapes Reality,"Each case history illustrates how individuals consciously used their imagination to assume the state of having accomplished their desires — whether honorable discharge from the army, owning a thriving business, or obtaining a gift longed for. Their focused, persistent mental state became the blueprint for the changes that unfolded in their external world, demonstrating the law that what you inhabit in consciousness will be reflected in your life.",Persistence and Vividness Are Key to Manifestation,"A common thread across all stories is the persistent repetition of imagined states combined with vivid sensory details—'seeing,' 'feeling,' and 'living' the wish fulfilled internally. Even when circumstances seemed contrary, this steady mental practice created a new psychological reality that irresistibly influenced external events to align with the internal vision, highlighting that persistence and detailed imagination are practical tools for transformation.","Together, these concepts emphasize that by deliberately and persistently imagining the desired outcome as already real, one's consciousness realigns to embody that new state. This internal reality acts as a magnetic force, reorganizing circumstances and events to correspond with the assumed state. The case histories provide concrete evidence that manifestation is less about passive hope or external effort, and more about mastering the internal landscape of imagination and assumption to create lasting, tangible change in life.",Think of a goal or dream you have been waiting to achieve. How might you begin to vividly imagine yourself as already having or being that, with sensory detail and feeling? Write a short narrative describing a scene where this wish is fully realized—what do you see, hear, and feel? How could practicing this mental exercise regularly influence your attitude or actions towards your goal?,"Your inner assumptions and imagination directly shape your external reality; consciously assuming your desires as already fulfilled can manifest them in your life.","Persistent, vivid, and sensory-rich imagination is essential — the more natural and real the feeling of already having what you want, the quicker and more effortless the manifestation.","Living the Law: Ethics, Destiny, and Case Histories","The Power of Assumption: Consciousness, Imagination, and Manifestation in Neville Goddard's Teachings",2025-09-20 01:57:40.956195+00,2025-09-20 01:57:40.956195+00,18cbe73b
265,ea4487fc,The Power of Assumption and the Law of Creation,"What if the experiences and events in your life are not random but directly shaped by your own thoughts and beliefs? Discover how your imagination holds the key to transforming your reality.",Assumption,"The act of consciously accepting and feeling that your desire or ideal state is already true and real, even before it appears in your life.",Imagination,"The mental faculty by which you visualize and feel the fulfillment of your desires, serving as the creative force that shapes your reality.",All Life Events Stem from Your State of Consciousness,"Every circumstance, situation, or event outside of you is a direct reflection of your inner state — your thoughts, beliefs, and self-concept. What happens in your life is not due to external causes or random chance, but is always determined by your own consciousness.",Transformation Begins with Desire and Assumption,"To change your life, you must first want to change deeply and then mentally 'assume the feeling' that your wish is already fulfilled. This means living in the emotional and mental reality of having what you desire, thereby making it a present fact in your inner world.","Together, these ideas form a powerful principle: your external life mirrors your inner state because consciousness is the foundational cause of all experience. By cultivating a strong desire and using your imagination to firmly assume the feeling that your wish is already fulfilled, you harness the sole creative force shaping your reality. This conscious use of assumption transforms who you are, which in turn transforms what you experience, demonstrating that true change arises from within.",Think of a goal or situation in your life that feels stuck or unchangeable. How might consciously imagining and fully feeling yourself already having achieved that goal begin to shift your perspective? Try spending a few minutes each day vividly imagining and emotionally experiencing that reality as if it were already true.,"Your life circumstances are a direct reflection of your own state of consciousness.","Change begins with intense desire followed by fully assuming and feeling your wish fulfilled.","The Nature of Consciousness and the Foundation of Reality","The Power of Assumption: Consciousness, Imagination, and Manifestation in Neville Goddard's Teachings",2025-09-20 01:57:23.906187+00,2025-09-20 01:57:23.906187+00,18e12eea
183,19103c69,"Shock Therapy in the Transition from Communism: Poland, Russia, and Beyond","What happens when countries abandon their old economic systems practically overnight? This lesson explores how shock therapy shaped the painful and revolutionary transitions in post-communist Poland and Russia—and what consequences followed.",Shock Therapy,"An economic approach that aims to quickly transform a country's economy from state-controlled to free-market by abruptly removing price controls, privatizing industries, cutting government spending, and opening borders to free trade.",Privatization,The process of transferring ownership of businesses or services from the government to private companies or individuals.,Poland's Rapid Shift with Shock Therapy,"Poland's Solidarity movement came to power promising more economic equality and democracy. However, under massive economic pressure and hyperinflation, Poland's newly elected government embraced shock therapy — rapidly cutting subsidies, liberalizing prices, and privatizing industries. This radical approach caused deep short-term economic pain, including soaring unemployment and poverty. Despite initial hopes, the promised economic recovery was slow and uneven, fueling social unrest and political setbacks for Solidarity.",Russia's Radical Experiment and Backlash,"After the Soviet Union collapsed, Russia faced a similarly massive challenge. Under President Yeltsin's leadership and advised by a group known as the 'Russian Chicago Boys,' shock therapy was implemented with even greater intensity. Rapid privatizations handed valuable state assets to a few newly wealthy oligarchs, widening inequality dramatically. The abrupt economic collapse triggered social dislocation, a spike in poverty and crime, and political instability that ultimately forced Yeltsin to dissolve parliament and rule by decree, using military force to crush opposition.","Together, the experiences of Poland and Russia reveal the double-edged nature of shock therapy as a tool for economic transition. While it promises swift market reforms and growth, the sudden removal of protections and rapid privatization can cause massive social hardship, disenfranchisement, and political instability. In democratic settings, shock therapy often clashes with popular will, eroding trust in elected officials and sometimes leading to authoritarian backsliding or social revolt. The Russian oligarchs and the political turmoil of the 1990s exemplify how unregulated capitalism without social safeguards can fracture society and democracy itself.",Can you think of a recent example in the news where a sudden economic crisis led to unpopular government reforms, political unrest, or a change in leadership? How did people respond, and how do you think it affected their trust in government?,"Shock therapy is the rapid transition from state-controlled to free-market economies, involving sudden price liberalization, privatization, and cuts to government spending.","While shock therapy can stabilize an economy, it often causes significant social hardship, rising inequality, and political instability, especially when implemented without broad democratic consent.","Disaster Capitalism in Practice: Global Applications, Repression, and Resistance","The Shock Doctrine: The Rise of Disaster Capitalism",2025-09-06 06:46:12.341444+00,2025-09-08 00:38:49.106076+00,34f1866c
188,70bc12ef,"Disaster as Opportunity: Reconstruction, Apartheid, and Policy Exploitation in the 21st Century","What happens when natural disasters are transformed into economic opportunities? How do the promises of aid after a catastrophe sometimes turn into a vehicle for deepening inequality and privatization?",Disaster Capitalism,"An approach where governments and corporations use the chaos and vulnerability following disasters to push through unpopular economic policies and privatizations, often at the expense of the affected communities.",Buffer Zone,"An officially designated area where disaster survivors are barred from rebuilding, often reserved for commercial or strategic development, like tourist resorts or luxury projects.",Disasters as a Pretext for Economic Overhaul,"Following the 2004 tsunami, countries like Sri Lanka leveraged the tragic destruction as a justification to rapidly advance free-market reforms and privatization schemes. Governments created buffer zones that displaced traditional fishing communities to prioritize upscale tourism developments along the coasts, often ignoring or overriding the needs and rights of the affected local populations.",Unequal Recovery and Social Conflict,"While a small elite benefits from foreign investment and lucrative development projects, the tsunami survivors and poorer local communities frequently face neglect, displacement, and prolonged poverty. Their voices and participation in reconstruction are marginalized, leading to protests, social tensions, and even a violent resurgence of civil conflict, as seen in Sri Lanka's ongoing ethnic struggles.","Together, these concepts show that post-disaster reconstruction can become less about genuinely helping affected communities and more about privatizing public assets and promoting profit-driven development. This approach often fuels unequal recovery and exacerbates social cleavages, resulting in resistance movements that challenge both the economic model and the legitimacy of governments endorsing it.",Can you think of a recent disaster—natural or man-made—where aid or reconstruction efforts appeared to favor corporations over local communities? What were the consequences?,"Disasters can be exploited to push rapid privatization and economic reforms that often displace and harm vulnerable local communities.","Unequal recovery efforts after catastrophic events may spark social tension and resistance, highlighting the importance of inclusive and community-led rebuilding.","Contemporary Shocks: The War on Terror, Privatization, and Emerging Resistance","The Shock Doctrine: The Rise of Disaster Capitalism",2025-09-06 06:46:12.791509+00,2025-09-08 00:38:49.106076+00,79e94844
180,2f68a373,"Crisis as Opportunity: Economic Shock Therapy and Its Early Trials","How can an economic crisis become the gateway to rapid and sweeping change? Sometimes, the pain of sudden hardship is seen as the only path to a healthier economy.",Economic Shock Therapy,"An aggressive economic strategy where governments rapidly overhaul their economies — cutting spending, privatizing industries, removing regulations and trade barriers —all at once to try to 'reset' the system and achieve long-term stability.",Hyperinflation,"When prices in a country rise at extremely high rates, rapidly eroding the value of money and causing chaos for businesses and people who struggle to afford basic goods.",Origins of Shock Therapy in Chile,"In the 1970s, Chile's economy was in severe crisis, and its newly installed military government, with the advice of economists trained in Milton Friedman's Chicago School free-market ideas, chose economic shock therapy. This meant cutting government spending, privatizing companies, opening the economy to foreign trade, and slashing social programs — all at once and very quickly — to try to curb hyperinflation and set the economy on a free-market path.",The Social Costs of Rapid Economic Change,"The shock therapy in Chile led to an economic contraction of 15% and an unemployment rate soaring from 3% to 20%, with many Chileans losing jobs and struggling even to buy bread. Despite promises that the economy would quickly recover and create new opportunities, the painful 'medicine' imposed caused long-lasting suffering — and deep discontent, especially among those who lost their livelihoods.","Economic shock therapy treats a crisis as a unique opportunity to rapidly impose free-market reforms, believing that swift and irreversible action can break the cycle of hyperinflation and stagnation. However, while such aggressive policies may stabilize the macroeconomy, they come with dramatic social costs, including surging unemployment and widespread hardship. Chile's experience shows that shock therapy is a double-edged sword: it aims to create a healthier economy but often leaves many people behind in the process—raising vital questions about how to balance rapid economic reforms with protecting the welfare of vulnerable populations.",Think about a recent economic crisis—perhaps in your country or globally. Can you identify a case where governments or powerful actors used that crisis to push through major policy changes quickly? How did people respond to those reforms?,"Economic shock therapy is the strategy of imposing very rapid, widespread economic reforms during a crisis, aiming to 'reset' an unstable economy.","While shock therapy may stabilize inflation and markets, it can cause severe short-term hardship—like widespread unemployment and social dislocation—as seen in Chile's 1970s experience.","Foundations of the Shock Doctrine: Origins, Methodology, and Early Experiments","The Shock Doctrine: The Rise of Disaster Capitalism",2025-09-06 06:46:12.027613+00,2025-09-08 00:38:49.106076+00,baaf3234
185,4a98d393,"Repression, Corruption, and the Suppression of Democratic Institutions","How did brutal repression and widespread corruption hide underneath the banner of 'free markets' allow the shock doctrine to advance, despite initial doubts? And why did this ideology escape lasting condemnation? ",Shock Doctrine,"An economic and political strategy that exploits crises or disasters to push through radical free-market 'reforms' rapidly and forcefully, often under authoritarian conditions.",Corporatism,"A system where the boundaries between big government and big business blur, creating a ruling alliance that controls a country's wealth and power, often at the expense of the public and democratic participation.",The Bloody Realities Behind Neoliberal Success,"Early victories of the Chicago School's shock doctrine in Latin America—such as Chile's coup and Argentina's dictatorship—were accompanied by horrific repression, torture, and disappearances that targeted political opponents and workers. These tragedies were not incidental but deeply intertwined with the imposition of radical economic shock therapy meant to dismantle state control and free markets from democracy's reach.",The Complicity and Escape of Neoliberal Thought Leaders,"Despite the brutal repression, many architects and advocates of neoliberalism—economists, politicians, and corporate allies—played influential roles in governments both during and after dictatorships. The human rights abuses were largely erased from the dominant narrative, cleaning the ideology of its crimes and allowing these figures to continue shaping policy and profiting from disaster economies.","The shock doctrine advanced not only through economic theories but via systematic violence and coercion that suppressed democracy and silenced opposition. Key proponents of neoliberalism often turned a blind eye to, or actively participated in, this repression, enabling the free market's expansion. By reframing these atrocities as unrelated 'human rights abuses' rather than central components of the neoliberal project, the ideology evaded lasting condemnation and maintained its global influence.",Think about a current or recent crisis—economic, political, or environmental. Can you identify instances where a rapid set of policy changes were pushed through during this crisis, possibly overriding usual democratic processes or public debate? What were the consequences?,"The rise of neoliberal shock therapy in Latin America was inseparable from violent repression and systematic undermining of democracy.","Neoliberal thought leaders and their corporate allies often avoided accountability for these crimes, allowing the ideology to persist and influence global economic policy.","Disaster Capitalism in Practice: Global Applications, Repression, and Resistance","The Shock Doctrine: The Rise of Disaster Capitalism",2025-09-06 06:46:12.518876+00,2025-09-08 00:38:49.106076+00,34f1866c
178,c458220e,"Psychological and Political Roots: From Electroshock Experiments to State Repression","What if some of the ideology and tactics behind today's economic crises and political repression started with brainwashing experiments designed to erase and remake people's minds? This lesson reveals the hidden origins of the Shock Doctrine in CIA-funded psychological and economic strategies.",Electroshock Therapy,"A medical technique, developed in the mid-1900s, that uses electric currents to induce seizures in patients, which was controversially used both to treat mental illness and—later covertly—to erase patients' memories and personalities in CIA-funded experiments.",Shock Therapy (Economic),An economic strategy pushing rapid and radical free-market reforms — like privatization and deregulation — applied suddenly during national crises to break down resistance and force quick adjustment.,From Mind Control to Economic Control: The CIA Experiments,"In the 1950s, the CIA secretly funded Dr. Ewen Cameron at McGill University to conduct brutal experiments blending electroshock, drugs, and sensory deprivation with the goal of completely erasing patients' existing minds—turning them into blank slates for 'reprogramming.' This extreme 'psychic driving' and 'depatterning' had the express aim of wiping out resistance — both psychological and societal — through forced disorientation and regression.",Milton Friedman and the Birth of Neoliberal Shock Therapy,"At the University of Chicago, economist Milton Friedman developed a complementary strategy that sees crises—real or manufactured—as unique opportunities to impose radical, rapid free-market reforms (shock therapy). He explicitly advised that only during moments of national shock can governments 'rip off the bandage' and impose unpopular but ideologically 'pure' economic policies swiftly before resistance can regroup.","Together, the mind control experiments and Milton Friedman's economic ideology form the foundation of the Shock Doctrine: a deliberate use of shock and fear—whether through psychological torture, military coups, or economic crises—to disorient populations and push through fundamentally unpopular economic and political reforms. This approach treats trauma not as tragedy but as opportunity—both to erase old orders and to remake society in a new, market-dominated image.",Can you think of a recent event—a natural disaster, a terrorist attack, or a major political shift—after which governments or powerful interests pushed through sudden, controversial changes? How might the Shock Doctrine help you understand the timing and nature of those reforms?,"The Shock Doctrine has roots in covert CIA brainwashing experiments that used sensory deprivation and electroshock to erase and remake human minds—tactics later analogized on a societal scale.","Milton Friedman's shock therapy economic model uses moments of crisis as a tactical window to impose rapid, sweeping free-market reforms, exploiting public disorientation.","Foundations of the Shock Doctrine: Origins, Methodology, and Early Experiments","The Shock Doctrine: The Rise of Disaster Capitalism",2025-09-06 06:46:11.789078+00,2025-09-08 00:38:49.106076+00,baaf3234
187,bd67f6ef,"Iraq as a Model and Warning: Shock, Occupation, and the Failure of the Neoliberal Project","What happens when a country is shattered by war, later subjected to rapid-fire economic shock therapy, and then expected to become a model free-market democracy? Iraq's story reveals the risks, the upheaval, and a growing divide between who gets protected and who's left behind.",Shock Therapy,"An economic strategy where rapid, sweeping changes like removing price controls, privatizing state assets, and cutting subsidies are imposed all at once on a country to 'reset' its economy, often after a crisis.",Green Zone (Iraq),"A heavily fortified, well-resourced area in Baghdad controlled by U.S. and coalition forces where government offices and foreign contractors are based—symbolizing a privileged, protected space amidst widespread chaos.",Rapid Economic Shock Therapy in Iraq,"Shortly after the 2003 invasion, the U.S.-led Coalition Provisional Authority implemented a shock therapy economic plan. They quickly dismantled state-owned companies, cut subsidies on food and gas, and flung open Iraq's borders for unrestricted imports. While meant to stabilize and liberalize the economy, this overnight overhaul devastated local industries, threw hundreds of thousands out of work, and deepened the hardships of ordinary Iraqis.",Privatization and Exclusion Fuel Resistance,"Iraqis were largely excluded from the reconstruction process, as foreign contractors brought in their own workers and controlled jobs. Reconstruction funds meant to rebuild infrastructure often disappeared amid waste and corruption. This exclusion and the rapid social dislocation fueled anger and armed resistance, further destabilizing the country and undermining hopes for peace.","The neoliberal shock therapy imposed in Iraq was meant to create a model democratic free-market society, but it plunged the country into deeper economic and social crisis. By rapidly privatizing state assets and excluding Iraqis from reconstruction, the U.S. occupation severed the ties between democracy and economic justice. The resulting anger and armed resistance were predictable blowbacks from top-down shock policies. Meanwhile, the fortified Green Zone emerged as a potent symbol of this failed model—where prosperity and security are reserved for a privileged few, and the majority live in poverty and fear. Iraq's experience is a cautionary tale of how rapid economic shock combined with military occupation and privatization without inclusive governance can deepen a crisis rather than resolve it.",Can you think of recent examples where a crisis or disaster led to rapid economic or political changes that benefited some groups while excluding others? What were the short and long-term consequences for the communities involved?,"Iraq's post-invasion economic shock therapy was swift and radical, dismantling its public sector and leading to widespread unemployment and despair.",Excluding local people from reconstruction and concentrating wealth and security within the Green Zone fueled resistance and deepened social divisions.,"Contemporary Shocks: The War on Terror, Privatization, and Emerging Resistance","The Shock Doctrine: The Rise of Disaster Capitalism",2025-09-06 06:46:12.695147+00,2025-09-08 00:38:49.106076+00,79e94844
179,430fe98a,"The Rise of Neoliberalism: The Intellectual Laboratory and Global Expansion","How did an economic idea from a handful of Chicago professors grow into a powerful global movement that reshaped societies, sometimes at a tremendous human cost? Discover how neoliberal economics transformed from theory to instrument of rapid, world-changing 'shock therapy.'",Neoliberalism,"An economic ideology that believes in freeing markets from government interference — advocating privatization, deregulation, and cutting social spending — in the hope that unrestricted capitalism produces widespread prosperity.",Shock Therapy,"A rapid and often painful economic transformation strategy aimed at quickly implementing free-market policies to 'reset' an economy, usually after a crisis, under the belief this sudden change will lead to faster adjustment.",The Intellectual Birthplace: The University of Chicago and Milton Friedman,"In the mid-20th century, the University of Chicago Economics Department became the hotbed for a radical vision of capitalism under Milton Friedman. Friedman and his colleagues believed that markets are like natural systems that function best when left alone, and that government interventions—such as social programs, trade protections, and regulations—distort this perfect market balance. They aimed to 'purify' economies, stripping away these 'distortions' to restore the sovereignty of free markets.",From Theory to Movement: Exporting Ideology to Latin America's Southern Cone,"Seeing democratic governments protect key industries and social services as impediments to a free market, the U.S. government funded Chicago-trained economists—the "Chicago Boys"—to infiltrate Latin America. Countries like Chile became experimental labs where policies of rapid market liberalization, privatization, and deep spending cuts were imposed, often under military regimes. This represented the first practical global test of neoliberal shock therapy, backed by political power and with devastating social consequences.","Milton Friedman's theories framed free markets as natural and ideal, inspiring an economic movement rooted at the University of Chicago that sought to use 'shock therapy' —sudden, sweeping market reforms— to transform entire economies rapidly. Fueled by Cold War politics and corporate interests, this aggressive ideology was exported globally, particularly to Latin America's Southern Cone, where it was imposed by authoritarian governments and neoliberal economists in tandem. This chapter reveals how pure economic theory became an instrument of political and social upheaval, setting the stage for decades of crisis-exploitation and disaster capitalism worldwide.",Can you think of a major economic or political crisis in recent memory where sudden reforms or policies were imposed quickly? Reflect on how the timing of these reforms influenced public acceptance or resistance.,"Neoliberalism is a free-market ideology rooted in the belief that government intervention distorts economic balance and should be minimized through deregulation, privatization, and spending cuts.","Milton Friedman and the University of Chicago Economics Department were pivotal in shaping neoliberal thought, which was exported globally as 'shock therapy'—rapid and sweeping economic reforms imposed especially in politically vulnerable countries like Chile under authoritarian regimes.","Foundations of the Shock Doctrine: Origins, Methodology, and Early Experiments","The Shock Doctrine: The Rise of Disaster Capitalism",2025-09-06 06:46:11.916034+00,2025-09-08 00:38:49.106076+00,baaf3234
184,5545cfbc,"The Globalization of Disaster Capitalism: The IMF, Economic Crises, and Market Opportunity","Why do some countries only accept radical economic reforms when their economies are deep in crisis? How has the International Monetary Fund used these economic shocks to reshape entire nations and open up markets for multinational corporations?",International Monetary Fund (IMF),An international financial institution that lends money to countries facing economic problems but requires those countries to implement certain economic policies—often focused on free-market reforms—in exchange for the aid.,Economic shock therapy,"A rapid and drastic set of free-market economic reforms imposed on a country—like big spending cuts, privatization, and deregulation—often implemented during times of crisis to force quick adjustment.",Crisis as a Catalyst for Economic Reform,"Economic reforms demanded by institutions like the IMF are rarely welcomed in stable times. Instead, major economic or financial crises—like hyperinflation or debt default—create an environment of urgency and fear that forces countries to adopt abrupt and comprehensive market-driven reforms, also called shock therapy.",IMF Structural Adjustment Programs and Market Opening,"After a crisis traps a country in urgent need, the IMF and World Bank provide loans or debt relief, but only on condition that the country open up its markets, privatize state-owned companies, deregulate industries, and slash public spending. This package, called the Washington Consensus, serves the interests of multinational corporations by making the economy as free and accessible for investment as possible.","Economic crises act as powerful opportunities for global financial institutions and multinational corporations to accelerate free-market reforms in struggling countries. The IMF uses the threat or reality of financial collapse to force governments to overhaul their economies rapidly, which often leads to privatization and deregulation that benefit corporations while saddling ordinary people with poverty and social cutbacks. This process—disguised as economic salvation—has reshaped developing nations worldwide, opening up new markets under conditions few citizens truly consent to.",Think about a recent news example where a government or institution introduced a sudden and sweeping economic reform following a crisis or disaster. How might the crisis have been used to make those changes possible? Who benefits most from the changes, and who might be hurt?,"Economic crises create a political opening that institutions like the IMF exploit to impose rapid and drastic market reforms (shock therapy) on struggling countries.","The IMF's structural adjustment programs often link financial aid to demands for privatization, deregulation, and cuts to public spending—policies favoring multinational corporations.","Disaster Capitalism in Practice: Global Applications, Repression, and Resistance","The Shock Doctrine: The Rise of Disaster Capitalism",2025-09-06 06:46:12.441348+00,2025-09-08 00:38:49.106076+00,34f1866c
182,cab73bb7,"Latin America's Shock Laboratory: Coups, Dictatorships, and Economic Overhauls","How did the violent 1973 Chilean coup set off a chain of shocks—political, economic, and terror—that reshaped Latin America's future? And why did similar brutal tactics spread throughout the region?",Shock Therapy,"An economic strategy of rapidly imposing free-market policies—like privatization, deregulation, and cutting social spending—at once, often during a crisis, to transform an economy quickly.",Disappearance,"A covert tactic used by dictatorships to secretly arrest, detain, or kill political opponents without acknowledging their fate—leaving families and communities uncertain and in terror.",The Three Shock Strategy of Chile's 1973 Coup,"Chile's 1973 coup unleashed three intertwined shocks: the violent overthrow of the government, brutal repression and terror that silenced dissent, and quick implementation of radical free-market economic reforms called 'shock therapy.' Together, these shocks crushed opposition and remade Chile's society and economy.",Replication of Shock Tactics Across Latin America,"Inspired by Chile's example, similar military juntas in Argentina, Uruguay, and Brazil used clandestine violence—including disappearances and torture—to suppress unions, farmers, and activists. This repression allowed for the aggressive imposition of neoliberal reforms that dismantled public services and accelerated privatization.","The Chilean coup was more than just a political event—it was a calculated deployment of shocks designed to weaken and erase resistance on multiple fronts. By combining overwhelming military force with systemic terror and rapid economic restructuring, Chile became a laboratory for a new authoritarian way to force through an unpopular brand of economic revolution. This formula was quickly adopted in neighboring countries, creating a regional pattern where state violence and neoliberal economics worked hand in hand to transform societies—sidelining democracy, silencing dissent, and concentrating wealth.",Can you think of a recent political or social crisis where rapid changes—economic, legal, or social—were imposed while people were still reeling? How might this influence your view of how governments and corporations react to disasters or shocks today?,"Authoritarian regimes in Latin America exploited crises by imposing three simultaneous shocks: violent coups, widespread terror through disappearances and torture, and rapid neoliberal economic reforms known as shock therapy.","This three-part shock model spread across the region, systematically dismantling democratic institutions and public services while enriching a small elite, and it set the pattern for disaster capitalism worldwide.","Disaster Capitalism in Practice: Global Applications, Repression, and Resistance","The Shock Doctrine: The Rise of Disaster Capitalism",2025-09-06 06:46:12.267015+00,2025-09-08 00:38:49.106076+00,34f1866c
186,036ab9a7,"The War on Terror as Disaster Capitalism: Privatization of War, Government, and Reconstruction","How did the response to the September 11 attacks transform global security and warfare into a massive, privatized industry ripe with opportunity — and what does this mean for society at large?",Disaster Capitalism Complex,"A vast network of private companies profiting from wars, disasters, homeland security, and reconstruction by taking over functions traditionally managed by governments.",Privatization,"The process of transferring roles, services, or assets from public (government) control to private companies that run them for profit.",The Transformation of the War on Terror into a Privatized Economy,"After 9/11, the Bush administration swiftly expanded security and military functions beyond government agencies, outsourcing these critical roles to private contractors. This created a new economic sector, the disaster capitalism complex, which includes contractors managing war logistics, intelligence, disaster relief, and reconstruction funded largely by taxpayer money.",The Role of Key Figures in Merging Corporate Profits and Government Power,"Key leaders like Donald Rumsfeld, Dick Cheney, and their associates maintained private business interests linked to the security and defense industries while holding high government posts. This fusion blurred political decision-making and profiteering, enabling contracts and policies that enriched corporations at the public's expense, often without transparency or accountability.","The War on Terror did not just reshape global security policies but gave rise to an immense privatized industry where government outsourcing and corporate profit motives are now inseparable. Senior policymakers who once pushed free-market ideas globally used their government positions to enrich private firms, creating a feedback loop that sustains continual conflict and expands the disaster capitalism complex. This blurring of public and private roles fundamentally redefines what security, war, and governance mean in the modern world.",Can you identify a recent example where a crisis — be it a natural disaster, a security threat, or economic downturn — brought rapid changes that benefited certain companies or industries? Reflect on how government and private interests interacted in that situation.,"The Bush administration exploited the post-9/11 crisis to build a vast privatized security and war industry funded by taxpayer money, known as the disaster capitalism complex.","Top government officials often kept close ties to the private companies benefiting from wars and disasters, blurring lines between public duty and private profit.","Contemporary Shocks: The War on Terror, Privatization, and Emerging Resistance","The Shock Doctrine: The Rise of Disaster Capitalism",2025-09-06 06:46:12.609431+00,2025-09-08 00:38:49.106076+00,79e94844
181,ab8edf51,"The Intertwining of Torture, Trauma, and Economic Policy","Could ruthless interrogation methods and radical economic reforms be two sides of the same strategy to reshape societies? This lesson reveals how mass psychological shock—whether through torture or economic hardship—has been used as a tool to enforce sweeping political and economic change.",Torture,"Deliberate techniques that cause intense physical or psychological pain or disorientation to break down a person's ability to resist, often to force information or compliance.",Shock Therapy (Economic),"An economic strategy involving rapid, large-scale policy changes like sudden privatization, deregulation, and spending cuts, imposed during or right after crises to transform a country's economic system.",Torture as a Method to Create Psychological Shock and Compliance,"Torture techniques, as revealed in CIA manuals, intentionally create sensory deprivation and sensory overload to disrupt prisoners' sense of reality, causing regression to a childlike, dependent state. This psychological 'softening-up' dramatically increases their suggestibility, making them easier to control and extract confessions from.",Economic Shock Therapy Mimics the Interrogation Model at a Societal Scale,"Similar to individual torture, economic shock therapy is designed to overwhelm a society by imposing sudden and simultaneous radical economic changes during moments of crisis, causing widespread disorientation. This disorientation suppresses resistance, allowing radical free-market reforms—such as privatization and sharp spending cuts—to be pushed through rapidly and often without public consent.","Together, these concepts illustrate the core logic behind the 'shock doctrine': both physical psychological torture and rapid economic shock therapy function by inducing deep states of confusion, fear, and vulnerability—at the individual and societal levels, respectively. This shared mechanism of mass disorientation softens resistance to radical change, enabling authoritarian regimes or economic elites to impose unpopular, often damaging policies under the cover of crisis, reshaping societies profoundly and irreversibly.",Think about a recent major crisis—whether a natural disaster, economic downturn or political upheaval. Can you identify any examples where leaders took advantage of public confusion or fear to implement swift, controversial changes? How did the public respond?,"Torture uses sensory deprivation and sensory overload to induce a state of shock and regression that silences and controls individuals.","Economic shock therapy applies the same principle of mass shock to whole societies, using crises as opportunities to enforce rapid, radical free-market reforms.","Foundations of the Shock Doctrine: Origins, Methodology, and Early Experiments","The Shock Doctrine: The Rise of Disaster Capitalism",2025-09-06 06:46:12.144967+00,2025-09-08 00:38:49.106076+00,baaf3234
